<workflow-app name="foo-wf" xmlns="uri:oozie:workflow:0.1">
    ...
    <decision name="mydecision">
        <switch>
            <case to="reconsolidatejob">
              ${fs:fileSize(secondjobOutputDir) gt 10 * GB}
            </case>
            <case to="rexpandjob">
              ${fs:filSize(secondjobOutputDir) lt 100 * MB}
            </case>
            <case to="recomputejob">
              ${ hadoop:counters('secondjob')[RECORDS][REDUCE_OUT] lt 1000000 }
            </case>
            <default to="end"/>
        </switch>
    </decision>
    ...
</workflow-app>