<workflow-app name="sample-wf" xmlns="uri:oozie:workflow:0.1">
    ...
    <fork name="forking">
        <path start="firstparalleljob"/>
        <path start="secondparalleljob"/>
    </fork>
    <action name="firstparallejob">
        <map-reduce>
            <job-tracker>foo:8021</job-tracker>
            <name-node>bar:8020</name-node>
            <job-xml>job1.xml</job-xml>
        </map-reduce>
        <ok to="joining"/>
        <error to="kill"/>
    </action>
    <action name="secondparalleljob">
        <map-reduce>
            <job-tracker>foo:8021</job-tracker>
            <name-node>bar:8020</name-node>
            <job-xml>job2.xml</job-xml>
        </map-reduce>
        <ok to="joining"/>
        <error to="kill"/>
    </action>
    <join name="joining" to="nextaction"/>
    ...
</workflow-app>

포크는 반드시  join action으로 모여야 합니다.