<workflow-app name="cmd-param-demo" xmlns="uri:oozie:workflow:0.4">
    <start to="hive-demo"/>
    <action name="hive-demo">
        <hive xmlns="uri:oozie:hive-action:0.2">
            <job-tracker>${jobTracker}</job-tracker>
            <name-node>${nameNode}</name-node>
            <job-xml>${hiveSiteXML}</job-xml>
            <script>${dbScripts}/hive1.hql</script>
            <param>MYDATE=${MYDATE}</param>
        </hive>
        <ok to="end"/>
        <error to="kill"/>
    </action>
    <kill name="kill">
        <message>Action failed, error message[${wf:errorMessage(wf:lastErrorNode())}]</message>
    </kill>
    <end name="end"/>
</workflow-app>