<?xml version="1.0" encoding="UTF-8" standalone="no"?>
<workflow-app xmlns="uri:oozie:workflow:0.4" name="EMAIL">
    <start to="email_1"/>
    <action name="email_1">
        <email xmlns="uri:oozie:email-action:0.2">
            <to>jh.kang@ex-em.com</to>
            <subject>test oozie</subject>
            <body>hahaha</body>
            <content_type>text/html; charset=UTF-8</content_type>
        </email>
        <ok to="end"/>
        <error to="kill_1"/>
    </action>
    <kill name="kill_1">
        <message>error</message>
    </kill>
    <end name="end"/>
</workflow-app>
