<?xml version="1.0" encoding="UTF-8" standalone="no"?>
<workflow-app xmlns="uri:oozie:workflow:0.4" name="fl_fs_audit_table_analysis">
    <start to="sqoop_1"/>
    <action name="sqoop_1">
        <sqoop xmlns="uri:oozie:sqoop-action:0.4">
            <job-tracker>${jobTracker}</job-tracker>
            <name-node>${nameNode}</name-node>
            <configuration>
                <property>
                    <name/>
                    <value/>
                </property>
            </configuration>
            <command>import --connect jdbc:postgresql://manage.hdp.exem:5432/flamingo --table fl_fs_audit --username flamingo --password flamingo --fields-terminated-by "," --target-dir hdfs://Exem-HA/usr/hdp/2.6.4.0-91/oozie/doc/examples/fl_fs_audit -m 1</command>
            <archive>/usr/hdp/2.6.4.0-91/oozie/doc/examples/apps/sqoop/postgresql-9.0-801.jdbc4.jar</archive>
        </sqoop>
        <ok to="hive2_1"/>
    </action>
    <action name="hive2_1">
        <hive2 xmlns="uri:oozie:hive2-action:0.2">
            <job-tracker>${jobTracker}</job-tracker>
            <name-node>${nameNode}</name-node>
            <configuration>
                <property>
                    <name/>
                    <value/>
                </property>
            </configuration>
            <jdbc-url>jdbc:hive2://dn01.hdp.exem:2181,dn02.hdp.exem:2181,dn03.hdp.exem:2181/;serviceDiscoveryMode=zooKeeper;zooKeeperNamespace=hiveserver2</jdbc-url>
            <password>1234</password>
            <script>/tmp/fl_fs_audit.hql</script>
        </hive2>
        <ok to="end"/>
        <error to="kill_1"/>
    </action>
    <kill name="kill_1">
        <message>error</message>
    </kill>
    <end name="end"/>
</workflow-app>
