<?xml version="1.0" encoding="UTF-8" standalone="no"?>
<workflow-app xmlns="uri:oozie:workflow:0.4" name="sqoop">
    <start to="sqoop_1"/>
    <action name="sqoop_1">
        <sqoop xmlns="uri:oozie:sqoop-action:0.4">
            <job-tracker>${jobTracker}</job-tracker>
            <name-node>${nameNode}</name-node>
            <configuration>
                <property>
                    <name/>
                    <value/>
                </property>
            </configuration>
            <command>import  --connect jdbc:postgresql://manage.hdp.exem:5432/hive --table TBLS --username hive --password hive --fields-terminated-by , --target-dir /usr/hdp/2.6.4.0-91/oozie/doc/examples/output-data3 -m 1</command>
            <archive>/usr/hdp/2.6.4.0-91/oozie/doc/examples/apps/sqoop/postgresql-9.0-801.jdbc4.jar</archive>
        </sqoop>
        <ok to="end"/>
        <error to="kill_1"/>
    </action>
    <kill name="kill_1">
        <message>error</message>
    </kill>
    <end name="end"/>
</workflow-app>
