<?xml version="1.0" encoding="UTF-8" standalone="no"?>
<workflow-app xmlns="uri:oozie:workflow:0.4" name="spark">
    <start to="spark_1"/>
    <action name="spark_1">
        <spark xmlns="uri:oozie:spark-action:0.2">
            <job-tracker>${jobTracker}</job-tracker>
            <name-node>${nameNode}</name-node>
            <configuration>
                <property>
                    <name/>
                    <value/>
                </property>
            </configuration>
            <master>local</master>
            <name>SparkFileCopy</name>
            <class>org.apache.oozie.example.SparkFileCopy</class>
            <jar>/usr/hdp/2.6.4.0-91/oozie/doc/examples/apps/spark/lib/oozie-examples.jar</jar>
            <arg>/usr/hdp/2.6.4.0-91/oozie/doc/examples/input-data/text/data.txt</arg>
            <arg>/usr/hdp/2.6.4.0-91/oozie/doc/examples/output-data3/spark</arg>
            <archive>/usr/hdp/2.6.4.0-91/oozie/doc/examples/apps/spark/lib/oozie-examples.jar</archive>
        </spark>
        <ok to="end"/>
        <error to="kill_1"/>
    </action>
    <kill name="kill_1">
        <message>error</message>
    </kill>
    <end name="end"/>
</workflow-app>
