<?xml version="1.0" encoding="UTF-8" standalone="no"?>
<workflow-app xmlns="uri:oozie:workflow:0.4" name="hive2_wf">
    <start to="hive2_1"/>
    <action name="hive2_1">
        <hive2 xmlns="uri:oozie:hive2-action:0.2">
            <job-tracker>${jobTracker}</job-tracker>
            <name-node>${nameNode}</name-node>
            <configuration>
                <property>
                    <name/>
                    <value/>
                </property>
            </configuration>
            <jdbc-url>jdbc:hive2://dn01.hdp.exem:2181,dn02.hdp.exem:2181,dn03.hdp.exem:2181/;serviceDiscoveryMode=zooKeeper;zooKeeperNamespace=hiveserver2</jdbc-url>
            <password>1234</password>
            <script>/user/admin/oozie/designer/workflow/hive_wf/1.hql</script>
        </hive2>
        <ok to="end"/>
        <error to="kill_1"/>
    </action>
    <kill name="kill_1">
        <message>error</message>
    </kill>
    <end name="end"/>
</workflow-app>
