<?xml version="1.0" encoding="UTF-8" standalone="no"?>
<workflow-app xmlns="uri:oozie:workflow:0.4" name="distCp">
    <start to="distcp_1"/>
    <action name="distcp_1">
        <distcp xmlns="uri:oozie:distcp-action:0.2">
            <job-tracker>${jobTracker}</job-tracker>
            <name-node>${nameNode}</name-node>
            <configuration>
                <property>
                    <name/>
                    <value/>
                </property>
            </configuration>
            <arg>/usr/hdp/2.6.4.0-91/oozie/doc/examples/input-data/text/README</arg>
            <arg>/usr/hdp/2.6.4.0-91/oozie/doc/examples/input-data/text2/</arg>
        </distcp>
        <ok to="end"/>
        <error to="kill_1"/>
    </action>
    <kill name="kill_1">
        <message>error</message>
    </kill>
    <end name="end"/>
</workflow-app>
