<?xml version="1.0" encoding="UTF-8" standalone="no"?>
<workflow-app xmlns="uri:oozie:workflow:0.4" name="mapreduce">
    <start to="map-reduce_1"/>
    <action name="map-reduce_1">
        <map-reduce>
            <job-tracker>${jobTracker}</job-tracker>
            <name-node>${nameNode}</name-node>
            <configuration>
                <property>
                    <name>mapred.mapper.class</name>
                    <value>org.apache.oozie.example.SampleMapper</value>
                </property>
                <property>
                    <name>mapred.reduce.class</name>
                    <value>org.apache.oozie.example.SampleReducer</value>
                </property>
                <property>
                    <name>mapred.input.dir</name>
                    <value>/usr/hdp/2.6.4.0-91/oozie/doc/examples/input-data/text</value>
                </property>
                <property>
                    <name>mapred.output.dir</name>
                    <value>/usr/hdp/2.6.4.0-91/oozie/doc/examples/output-data/MR</value>
                </property>
                <property>
                    <name>mapred.map.tasks</name>
                    <value>1</value>
                </property>
            </configuration>
            <file>/usr/hdp/2.6.4.0-91/oozie/doc/examples/apps/map-reduce/job.properties</file>
        </map-reduce>
        <ok to="end"/>
        <error to="kill_1"/>
    </action>
    <kill name="kill_1">
        <message>error</message>
    </kill>
    <end name="end"/>
</workflow-app>
