<?xml version="1.0" encoding="UTF-8" standalone="no"?>
<workflow-app xmlns="uri:oozie:workflow:0.4" name="java">
    <start to="java_1"/>
    <action name="java_1">
        <java>
            <job-tracker>${jobTracker}</job-tracker>
            <name-node>${nameNode}</name-node>
            <configuration>
                <property>
                    <name/>
                    <value/>
                </property>
            </configuration>
            <main-class>org.apache.oozie.example.DemoJavaMain</main-class>
            <archive>/usr/hdp/2.6.4.0-91/oozie/doc/examples/apps/java-main/lib/oozie-examples-4.2.0.2.6.4.0-91.jar</archive>
            <capture-output/>
        </java>
        <ok to="end"/>
        <error to="kill_1"/>
    </action>
    <kill name="kill_1">
        <message>error</message>
    </kill>
    <end name="end"/>
</workflow-app>
