<?xml version="1.0" encoding="UTF-8" standalone="no"?>
<workflow-app xmlns="uri:oozie:workflow:0.4" name="audi_ttable_anal">
    <start to="sqoop_1"/>
    <action name="sqoop_1">
        <sqoop xmlns="uri:oozie:sqoop-action:0.4">
            <job-tracker>${jobTracker}</job-tracker>
            <name-node>${nameNode}</name-node>
            <configuration>
                <property>
                    <name/>
                    <value/>
                </property>
            </configuration>
            <command>import --connect jdbc:postgresql://manage.hdp.exem:5432/flamingo --table fl_fs_audit --username flamingo --password flamingo --fields-terminated-by , --target-dir hdfs://Exem-HA/usr/hdp/2.6.4.0-91/oozie/doc/examples/fl_fs_audit -m 1</command>
            <archive>/usr/hdp/2.6.4.0-91/oozie/doc/examples/apps/sqoop/postgresql-9.0-801.jdbc4.jar</archive>
        </sqoop>
        <ok to="hive_1"/>
        <error to="kill_2"/>
    </action>
    <action name="hive_1">
        <hive xmlns="uri:oozie:hive-action:0.5">
            <job-tracker>${jobTracker}</job-tracker>
            <name-node>${nameNode}</name-node>
            <script>/tmp/fl_fs_audit.hql</script>
        </hive>
        <ok to="shell_1"/>
        <error to="kill_3"/>
    </action>
    <action name="shell_1">
        <shell xmlns="uri:oozie:shell-action:0.3">
            <job-tracker>${jobTracker}</job-tracker>
            <name-node>${nameNode}</name-node>
            <configuration>
                <property>
                    <name/>
                    <value/>
                </property>
            </configuration>
            <exec>sh</exec>
            <file>/tmp/hardworker.sh</file>
        </shell>
        <ok to="end"/>
        <error to="kill_4"/>
    </action>
    <kill name="kill_2">
        <message>error</message>
    </kill>
    <kill name="kill_3">
        <message>error</message>
    </kill>
    <kill name="kill_4">
        <message>error</message>
    </kill>
    <end name="end"/>
</workflow-app>
