<?xml version="1.0" encoding="UTF-8" standalone="no"?>
<workflow-app xmlns="uri:oozie:workflow:0.4" name="pig">
    <start to="pig_1"/>
    <action name="pig_1">
        <pig>
            <job-tracker>${jobTracker}</job-tracker>
            <name-node>${nameNode}</name-node>
            <configuration>
                <property>
                    <name/>
                    <value/>
                </property>
            </configuration>
            <script>/usr/hdp/2.6.4.0-91/oozie/doc/examples/apps/pig/id.pig</script>
            <file>/usr/hdp/2.6.4.0-91/oozie/doc/examples/apps/pig/job.properties</file>
        </pig>
        <ok to="end"/>
        <error to="kill_1"/>
    </action>
    <kill name="kill_1">
        <message>error</message>
    </kill>
    <end name="end"/>
</workflow-app>
