<?xml version="1.0" encoding="UTF-8" standalone="no"?>
<workflow-app xmlns="uri:oozie:workflow:0.4" name="shell">
    <start to="shell_1"/>
    <action name="shell_1">
        <shell xmlns="uri:oozie:shell-action:0.3">
            <job-tracker>${jobTracker}</job-tracker>
            <name-node>${nameNode}</name-node>
            <configuration>
                <property>
                    <name/>
                    <value/>
                </property>
            </configuration>
            <exec>echo</exec>
            <file>/tmp/1.sh</file>
            <capture-output/>
        </shell>
        <ok to="end"/>
        <error to="kill_1"/>
    </action>
    <kill name="kill_1">
        <message>error</message>
    </kill>
    <end name="end"/>
</workflow-app>
