<?xml version="1.0" encoding="UTF-8" standalone="no"?>
<workflow-app xmlns="uri:oozie:workflow:0.4" name="ssh">
    <start to="ssh_1"/>
    <action name="ssh_1">
        <ssh xmlns="uri:oozie:ssh-action:0.1">
            <host>[root]@[nn01.hdp.exem]</host>
            <command>hostname &gt; /tmp/hostname</command>
            <capture-output/>
        </ssh>
        <ok to="end"/>
        <error to="kill_1"/>
    </action>
    <kill name="kill_1">
        <message>error</message>
    </kill>
    <end name="end"/>
</workflow-app>
